{
  "n_samples": 300,
  "cv_accuracy_mean": 0.9166666666666667,
  "cv_accuracy_std": 0.02108185106778921,
  "cv_f1_macro_mean": 0.841954711954712,
  "cv_f1_macro_std": 0.041013725343368286,
  "label_distribution": {
    "need_repair": 37,
    "need_large_model": 130,
    "small_model_can_handle": 133
  },
  "feature_importances": {
    "taskspec_has_tools": 0.0,
    "taskspec_n_allowed_tools": 0.0,
    "n_violations": 0.39968229817872003,
    "n_hard_violations": 0.2941674964520909,
    "n_soft_violations": 0.0,
    "n_format_violations": 0.0303674672184368,
    "n_content_violations": 0.014659267637374282,
    "repair_rounds": 0.0,
    "n_repair_ok": 0.0,
    "n_repair_fail": 0.0,
    "latency_ms": 0.036415095485430454,
    "prompt_tokens": 0.14461045266447872,
    "generation_tokens": 0.030312793602624753,
    "token_ratio": 0.03954605120405186,
    "model_is_qwen": 0.010239077556792344
  },
  "model_path": "data/router/router_gbdt.joblib",
  "router_records_path": "data/router/router_records.jsonl"
}